fitness;feasible;1;2;3;4;5;6;7;8;9;10;11;12;13;14;15;16;17;18;19;20
76,178125;True;0;0;0;10;8;5;5;13;14;12;31;8;16;24;16;34;21;21;31;40
76,378125;True;0;0;0;8;15;5;5;8;17;17;31;8;12;21;16;38;21;38;31;40
76,378125;True;0;0;0;8;15;5;5;12;8;17;31;8;17;21;16;38;21;38;31;40
76,828125;True;0;0;2;12;17;5;5;13;17;16;34;8;8;21;16;31;21;39;31;40
77,978125;True;0;0;1;10;9;16;5;13;5;8;31;8;17;20;16;35;21;37;31;40
77,978125;True;0;0;0;8;13;5;5;8;16;17;31;8;15;17;16;38;21;38;31;40
78,078125;True;0;0;0;12;15;5;5;8;17;17;31;8;8;21;16;38;21;38;31;40
78,378125;True;0;0;0;12;17;5;5;8;16;17;31;8;8;17;16;38;21;38;31;40
78,678125;True;0;0;0;12;16;5;5;13;8;17;31;8;8;33;16;17;21;38;31;40
79,228125;True;0;0;2;8;12;5;5;13;17;17;31;8;16;18;16;33;21;39;31;40
79,378125;True;0;0;0;12;16;5;5;8;16;17;31;8;8;33;16;17;21;38;31;40
79,678125;True;0;0;2;12;17;5;5;12;5;16;31;8;8;17;16;34;21;39;31;40
